fips_fixed,county_fips,2016,2020,state,state_po,county_name,fixed_fips,size,POP_ESTIMATE_2020,vote_diff_pct_pop,vote_diff_pct_pop_zscore,pct_change_16_20
10001,10001,33351.0,44552.0,DELAWARE,DE,KENT,10001,s,182315.0,0.06143762169870828,1.091109291671515,0.33585199844082636
10005,10005,39333.0,56682.0,DELAWARE,DE,SUSSEX,10005,s,238629.0,0.07270281482971475,1.5372150228460566,0.4410800091526199
01031,1031,4221.0,5076.0,ALABAMA,AL,COFFEE,01031,xs,53549.0,0.015966684718668883,-0.7095562941531689,0.2025586353944564
01043,1043,3798.0,4478.0,ALABAMA,AL,CULLMAN,01043,xs,88136.0,0.00771534900608151,-1.0363121791542746,0.1790416008425486
01045,1045,4413.0,5170.0,ALABAMA,AL,DALE,01045,xs,49257.0,0.015368374038207767,-0.7332496139633724,0.17153863584862905
01049,1049,3622.0,4281.0,ALABAMA,AL,DEKALB,01049,xs,71659.0,0.009196332630932611,-0.9776646908122175,0.18194367752622864
01095,1095,4917.0,5943.0,ALABAMA,AL,MARSHALL,01095,xs,97702.0,0.010501320341446439,-0.9259867044694704,0.20866381940207446
01107,1107,3972.0,4022.0,ALABAMA,AL,PICKENS,01107,xs,18969.0,0.002635879593020191,-1.237461009018143,0.012588116817723982
12015,12015,33445.0,42273.0,FLORIDA,FL,CHARLOTTE,12015,s,187995.0,0.04695869570999229,0.5177385744807006,0.26395574824338475
12027,12027,3781.0,4259.0,FLORIDA,FL,DESOTO,12027,xs,34086.0,0.014023352696121575,-0.7865129466269924,0.12642158159217143
12093,12093,3959.0,4390.0,FLORIDA,FL,OKEECHOBEE,12093,xs,39652.0,0.010869565217391304,-0.9114040739078596,0.10886587522101543
12099,12099,374673.0,433572.0,FLORIDA,FL,PALM BEACH,12099,xl,1494282.0,0.03941625476315715,0.21905517914968123,0.15720107934118555
12121,12121,3964.0,4485.0,FLORIDA,FL,SUWANNEE,12121,xs,43524.0,0.011970407131697454,-0.8678103350897085,0.1314328960645812
12129,12129,4348.0,5351.0,FLORIDA,FL,WAKULLA,12129,xs,33893.0,0.029593131325052372,-0.16994406949276022,0.23068077276908916
13021,13021,36787.0,43468.0,GEORGIA,GA,BIBB,13021,s,157035.0,0.04254465565001433,0.34294098819073904,0.18161306983445247
13033,13033,4731.0,5209.0,GEORGIA,GA,BURKE,13033,xs,24635.0,0.01940328800487112,-0.5734655583868742,0.10103572183470733
13057,13057,25231.0,42794.0,GEORGIA,GA,CHEROKEE,13057,s,268156.0,0.06549545786780829,1.2518010747728965,0.6960881455352543
13071,13071,3463.0,4187.0,GEORGIA,GA,COLQUITT,13071,xs,45891.0,0.0157765139134035,-0.7170871269710689,0.2090672827028588
13097,13097,31005.0,42809.0,GEORGIA,GA,DOUGLAS,13097,s,144648.0,0.08160499972346662,1.889744771328347,0.38071278825995813
13117,13117,23462.0,42203.0,GEORGIA,GA,FORSYTH,13117,s,252901.0,0.07410409606921285,1.5927062678391746,0.7987810075867361
13129,13129,3181.0,4384.0,GEORGIA,GA,GORDON,13129,xs,57722.0,0.020841273691140295,-0.5165208039977124,0.3781829613329142
13133,13133,3199.0,4088.0,GEORGIA,GA,GREENE,13133,xs,19028.0,0.04672062224090814,0.5083107788127575,0.2778993435448578
13145,13145,4086.0,5457.0,GEORGIA,GA,HARRIS,13145,xs,34898.0,0.03928591896383747,0.21389383425505265,0.33553597650513955
13163,13163,3821.0,4061.0,GEORGIA,GA,JEFFERSON,13163,xs,15676.0,0.015310028068384792,-0.7355601355164672,0.06281078251766559
13169,13169,3961.0,4888.0,GEORGIA,GA,JONES,13169,xs,28402.0,0.032638546581226675,-0.049344521505751034,0.23403181014895225
13177,13177,3170.0,4558.0,GEORGIA,GA,LEE,13177,xs,33222.0,0.04177954367587743,0.31264227669210704,0.43785488958990526
13189,13189,3699.0,4168.0,GEORGIA,GA,MCDUFFIE,13189,xs,21607.0,0.021705928634238904,-0.4822801548478097,0.12679102460124358
13199,13199,3804.0,4287.0,GEORGIA,GA,MERIWETHER,13199,xs,20617.0,0.023427268758791288,-0.4141144619978629,0.12697160883280767
13207,13207,3571.0,4384.0,GEORGIA,GA,MONROE,13207,xs,28057.0,0.02897672595074313,-0.19435394573795997,0.2276673200784094
13215,13215,39851.0,49529.0,GEORGIA,GA,MUSCOGEE,13215,s,207006.0,0.04675226805020145,0.509563964331126,0.24285463350982406
13245,13245,48814.0,59124.0,GEORGIA,GA,RICHMOND,13245,s,206524.0,0.04992155875346207,0.6350690249227006,0.2112098987995248
13277,13277,4347.0,5322.0,GEORGIA,GA,TIFT,13277,xs,41387.0,0.023558122115640175,-0.4089326216374836,0.22429261559696334
13293,13293,3475.0,4201.0,GEORGIA,GA,UPSON,13293,xs,27745.0,0.026166876914759416,-0.30562498602198956,0.20892086330935244
13295,13295,4215.0,5769.0,GEORGIA,GA,WALKER,13295,xs,67738.0,0.022941332782190203,-0.43335770280382624,0.36868327402135237
13299,13299,3440.0,4211.0,GEORGIA,GA,WARE,13299,xs,36229.0,0.021281293991001683,-0.4990958406332567,0.22412790697674412
15001,15001,41259.0,58731.0,HAWAII,HI,HAWAII,15001,s,200744.0,0.08703622524209939,2.1048232704705123,0.42347124263796987
15009,15009,33480.0,47305.0,HAWAII,HI,MAUI,15009,s,164768.0,0.08390585550592349,1.9808594942828028,0.4129330943847074
16003,16003,415.0,591.0,IDAHO,ID,ADAMS,16003,xs,4428.0,0.03974706413730804,0.2321553502713625,0.42409638554216866
16011,16011,2924.0,4124.0,IDAHO,ID,BINGHAM,16011,xs,48097.0,0.02494958105495145,-0.35383034329195917,0.41039671682626544
16029,16029,271.0,431.0,IDAHO,ID,CARIBOU,16029,xs,7013.0,0.02281477256523599,-0.43836953326828304,0.5904059040590406
16063,16063,360.0,414.0,IDAHO,ID,LINCOLN,16063,xs,5134.0,0.010518114530580444,-0.925321648492535,0.1499999999999999
17021,17021,3992.0,4335.0,ILLINOIS,IL,CHRISTIAN,17021,xs,33960.0,0.010100117785630153,-0.941874471099844,0.08592184368737477
17027,17027,3945.0,4493.0,ILLINOIS,IL,CLINTON,17027,xs,36901.0,0.014850546055662448,-0.7537557897643176,0.13891001267427128
17085,17085,4462.0,5109.0,ILLINOIS,IL,JO DAVIESS,17085,xs,22057.0,0.02933309153556694,-0.18024173941051586,0.1450022411474674
17109,17109,5288.0,4992.0,ILLINOIS,IL,MCDONOUGH,17109,xs,27100.0,-0.01092250922509225,-1.7743781205947635,-0.055975794251134636
17113,17113,36196.0,43933.0,ILLINOIS,IL,MCLEAN,17113,s,170949.0,0.04525911236684625,0.4504344580604174,0.21375290087302456
17137,17137,4696.0,5076.0,ILLINOIS,IL,MORGAN,17137,xs,32845.0,0.011569493073527172,-0.8836866771087314,0.08091993185689939
17143,17143,38060.0,43578.0,ILLINOIS,IL,PEORIA,17143,s,181319.0,0.030432552573089418,-0.13670268381351125,0.14498160798738824
17151,17151,375.0,433.0,ILLINOIS,IL,POPE,17151,xs,3754.0,0.015450186467767715,-0.7300098120990305,0.15466666666666673
18017,18017,3759.0,4304.0,INDIANA,IN,CASS,18017,xs,37786.0,0.014423331392579262,-0.7706736452708198,0.14498536844905563
18029,18029,4883.0,5446.0,INDIANA,IN,DEARBORN,18029,xs,50750.0,0.0110935960591133,-0.9025323713733545,0.11529797255785379
18033,18033,3942.0,4966.0,INDIANA,IN,DEKALB,18033,xs,43292.0,0.0236533308694447,-0.4051623204774191,0.2597666159309995
18051,18051,3721.0,4023.0,INDIANA,IN,GIBSON,18051,xs,33049.0,0.00913794668522497,-0.979976795424835,0.08116097823165824
18061,18061,4783.0,5343.0,INDIANA,IN,HARRISON,18061,xs,39676.0,0.014114326040931546,-0.7829103691982803,0.11708132970938734
18069,18069,3506.0,4255.0,INDIANA,IN,HUNTINGTON,18069,xs,36646.0,0.020438792774109045,-0.532459194195554,0.21363377067883627
18071,18071,3843.0,4302.0,INDIANA,IN,JACKSON,18071,xs,46479.0,0.009875427612470148,-0.9507722833982757,0.11943793911007017
18083,18083,3772.0,4067.0,INDIANA,IN,KNOX,18083,xs,36256.0,0.008136584289496911,-1.019631109249905,0.07820784729586427
18099,18099,4798.0,5712.0,INDIANA,IN,MARSHALL,18099,xs,46071.0,0.019838944238240976,-0.5562134136372845,0.19049604001667353
18107,18107,3362.0,4213.0,INDIANA,IN,MONTGOMERY,18107,xs,37935.0,0.02243310926584948,-0.45348353826183035,0.25312314098750743
18113,18113,3904.0,4660.0,INDIANA,IN,NOBLE,18113,xs,47460.0,0.01592920353982301,-0.7110405624209095,0.19364754098360648
18145,18145,4247.0,5023.0,INDIANA,IN,SHELBY,18145,xs,45060.0,0.017221482467820685,-0.6598658484722326,0.18271721214975267
18151,18151,3744.0,4513.0,INDIANA,IN,STEUBEN,18151,xs,34441.0,0.022328039255538456,-0.4576443487538675,0.2053952991452992
18183,18183,3379.0,4234.0,INDIANA,IN,WHITLEY,18183,xs,34329.0,0.024906056104168486,-0.35555394711903676,0.2530334418467002
19011,19011,4678.0,5160.0,IOWA,IA,BENTON,19011,xs,25549.0,0.01886570902970762,-0.5947538806544523,0.10303548525010697
19019,19019,3970.0,4169.0,IOWA,IA,BUCHANAN,19019,xs,20605.0,0.009657850036398932,-0.9593884342739566,0.05012594458438291
19031,19031,3599.0,4337.0,IOWA,IA,CEDAR,19031,xs,18495.0,0.03990267639902676,0.23831765223871038,0.2050569602667407
19097,19097,3837.0,4029.0,IOWA,IA,JACKSON,19097,xs,19455.0,0.009868928296067848,-0.9510296586835518,0.05003909304143872
19101,19101,3710.0,4319.0,IOWA,IA,JEFFERSON,19101,xs,15694.0,0.038804638715432646,0.1948349619731784,0.1641509433962265
19105,19105,3787.0,4213.0,IOWA,IA,JONES,19105,xs,20653.0,0.02062654335931826,-0.5250242029691122,0.11249009770266705
19183,19183,3943.0,4561.0,IOWA,IA,WASHINGTON,19183,xs,22542.0,0.027415491083311153,-0.2561794123741191,0.15673345168653308
20035,20035,3551.0,4273.0,KANSAS,KS,COWLEY,20035,xs,34534.0,0.020906932298604273,-0.5139206993434922,0.20332300760349198
02004,2004,4162.0,5345.0,,,,,,,,,0.2842383469485825
20045,20045,31195.0,40785.0,KANSAS,KS,DOUGLAS,20045,s,118784.0,0.08073477909482758,1.8552837190137028,0.3074210610674788
02005,2005,3187.0,4204.0,,,,,,,,,0.31910887982428626
20055,20055,3195.0,4325.0,KANSAS,KS,FINNEY,20055,xs,38304.0,0.029500835421888052,-0.17359902071167957,0.3536776212832551
20067,20067,441.0,518.0,KANSAS,KS,GRANT,20067,xs,7326.0,0.010510510510510511,-0.9256227704434606,0.17460317460317465
20073,20073,485.0,569.0,KANSAS,KS,GREENWOOD,20073,xs,5977.0,0.014053873180525348,-0.7853043243821353,0.17319587628865984
20077,20077,393.0,461.0,KANSAS,KS,HARPER,20077,xs,5472.0,0.012426900584795321,-0.849733028886222,0.17302798982188294
20113,20113,3226.0,4134.0,KANSAS,KS,MCPHERSON,20113,xs,30184.0,0.03008216273522396,-0.15057824839543277,0.28146311221326714
20121,20121,3991.0,5247.0,KANSAS,KS,MIAMI,20121,xs,34224.0,0.036699392239364186,0.1114664384523358,0.31470809320972193
20123,20123,477.0,558.0,KANSAS,KS,MITCHELL,20123,xs,5773.0,0.014030833188983198,-0.7862167163982895,0.16981132075471694
02014,2014,3043.0,4261.0,,,,,,,,,0.40026289845547147
20143,20143,424.0,506.0,KANSAS,KS,OTTAWA,20143,xs,5729.0,0.014313143655088147,-0.775037119614162,0.19339622641509435
20157,20157,375.0,424.0,KANSAS,KS,REPUBLIC,20157,xs,4664.0,0.010506003430531732,-0.9258012524442584,0.1306666666666667
02016,2016,3294.0,4274.0,ALASKA,AK,DISTRICT 16,02016,xs,5214.0,0.18795550441120062,6.101263304811697,0.2975106253794779
02017,2017,3290.0,4136.0,,,,,,,,,0.2571428571428571
20177,20177,33926.0,43015.0,KANSAS,KS,SHAWNEE,20177,s,178709.0,0.050859218058407804,0.6722006732629415,0.26790662029122214
02018,2018,3909.0,4681.0,,,,,,,,,0.19749296495267332
20201,20201,387.0,475.0,KANSAS,KS,WASHINGTON,20201,xs,5530.0,0.015913200723327307,-0.711674279754527,0.227390180878553
02021,2021,4224.0,5414.0,,,,,,,,,0.28172348484848486
02022,2022,3270.0,4553.0,,,,,,,,,0.392354740061162
02024,2024,3578.0,4736.0,,,,,,,,,0.32364449413079943
02025,2025,3378.0,4600.0,,,,,,,,,0.3617525162818236
02026,2026,3374.0,4558.0,,,,,,,,,0.35091879075281573
02027,2027,3729.0,4844.0,,,,,,,,,0.299007776883883
02031,2031,3466.0,5037.0,,,,,,,,,0.45326024235429885
02034,2034,4220.0,5763.0,,,,,,,,,0.36563981042654037
02035,2035,3749.0,5011.0,,,,,,,,,0.33662309949319824
21009,21009,4275.0,5127.0,KENTUCKY,KY,BARREN,21009,xs,44505.0,0.01914391641388608,-0.5837367674018188,0.19929824561403509
21021,21021,4281.0,5298.0,KENTUCKY,KY,BOYLE,21021,xs,30753.0,0.03306994439566872,-0.032261011689211194,0.23756131744919418
21035,21035,4749.0,5794.0,KENTUCKY,KY,CALLOWAY,21035,xs,37596.0,0.027795510160655387,-0.24113051916941133,0.22004632554221937
21057,21057,459.0,508.0,KENTUCKY,KY,CUMBERLAND,21057,xs,5856.0,0.008367486338797815,-1.0104873044047344,0.10675381263616557
21107,21107,4310.0,5439.0,KENTUCKY,KY,HOPKINS,21107,xs,45369.0,0.024884833256188146,-0.3563943795915007,0.2619489559164734
21125,21125,3440.0,4474.0,KENTUCKY,KY,LAUREL,21125,xs,62727.0,0.016484129641143368,-0.6890652876698731,0.3005813953488372
21157,21157,3672.0,4071.0,KENTUCKY,KY,MARSHALL,21157,xs,31691.0,0.012590325328957748,-0.8432613497823878,0.1086601307189543
21159,21159,363.0,403.0,KENTUCKY,KY,MARTIN,21159,xs,11253.0,0.003554607660179508,-1.2010790445560686,0.11019283746556474
21199,21199,4208.0,5664.0,KENTUCKY,KY,PULASKI,21199,xs,65116.0,0.022360095828982123,-0.45637489682625904,0.3460076045627376
22009,22009,5035.0,4979.0,LOUISIANA,LA,AVOYELLES,22009,xs,39646.0,-0.0014125006305806386,-1.3977783332503506,-0.011122144985104221
22067,22067,5155.0,4946.0,LOUISIANA,LA,MOREHOUSE,22067,xs,25465.0,-0.008207343412526998,-1.6668565702770262,-0.04054316197866148
22113,22113,4857.0,5009.0,LOUISIANA,LA,VERMILION,22113,xs,56956.0,0.00266872673642812,-1.2361602502333995,0.03129503808935552
24011,24011,4009.0,5095.0,MARYLAND,MD,CAROLINE,24011,xs,33270.0,0.03264201983769161,-0.04920697929082153,0.270890496383138
24029,24029,4575.0,5329.0,MARYLAND,MD,KENT,24029,xs,19120.0,0.039435146443514646,0.21980329653932443,0.16480874316939897
24031,24031,357837.0,419569.0,MARYLAND,MD,MONTGOMERY,24031,l,1060904.0,0.058188111271142345,0.962427500920975,0.17251430120417965
25003,25003,43714.0,51705.0,MASSACHUSETTS,MA,BERKSHIRE,25003,s,128619.0,0.06212923440549219,1.1184974055423933,0.182801848378094
25019,25019,4146.0,5241.0,MASSACHUSETTS,MA,NANTUCKET,25019,xs,14237.0,0.0769122708435766,1.7039110067562002,0.26410998552822007
26009,26009,4448.0,5960.0,MICHIGAN,MI,ANTRIM,26009,xs,23458.0,0.06445562281524427,1.2106232297923063,0.33992805755395694
26019,26019,4108.0,5480.0,MICHIGAN,MI,BENZIE,26019,xs,17990.0,0.07626459143968872,1.6782626676040884,0.33398247322297947
26031,26031,4302.0,5437.0,MICHIGAN,MI,CHEBOYGAN,26031,xs,25587.0,0.04435846328213546,0.4147684278562204,0.2638307763830776
26035,26035,4249.0,5199.0,MICHIGAN,MI,CLARE,26035,xs,30843.0,0.030801154232727036,-0.1221059244883475,0.22358201929865862
26043,26043,3923.0,4744.0,MICHIGAN,MI,DICKINSON,26043,xs,25904.0,0.031693946880790615,-0.08675101202302751,0.20927861330614328
26051,26051,3794.0,4524.0,MICHIGAN,MI,GLADWIN,26051,xs,25378.0,0.028765072109701317,-0.20273551455935682,0.19240906694781224
26059,26059,4799.0,5883.0,MICHIGAN,MI,HILLSDALE,26059,xs,45731.0,0.023703833285954823,-0.40316240647849094,0.22588039174828078
26063,26063,4579.0,5490.0,MICHIGAN,MI,HURON,26063,xs,31364.0,0.029046040045912512,-0.19160908244563601,0.1989517361869404
26069,26069,4345.0,5373.0,MICHIGAN,MI,IOSCO,26069,xs,25184.0,0.04081956797966963,0.2746268911690796,0.23659378596087466
26093,26093,34384.0,48220.0,MICHIGAN,MI,LIVINGSTON,26093,s,193968.0,0.07133135362534027,1.4829046620524167,0.40239646347138214
26109,26109,3539.0,4316.0,MICHIGAN,MI,MENOMINEE,26109,xs,23451.0,0.03313291544070615,-0.029767335481217086,0.2195535461994913
26121,26121,37304.0,45643.0,MICHIGAN,MI,MUSKEGON,26121,s,174784.0,0.047710316733797144,0.5475030394562482,0.22354171134462786
26125,26125,343070.0,434148.0,MICHIGAN,MI,OAKLAND,26125,xl,1272493.0,0.07157446052748424,1.4925317834939493,0.2654793482379689
26127,26127,3973.0,4944.0,MICHIGAN,MI,OCEANA,26127,xs,26712.0,0.036350703803533994,0.09765825000770173,0.2443996979612384
26137,26137,3556.0,4743.0,MICHIGAN,MI,OTSEGO,26137,xs,25133.0,0.04722874308677834,0.528432548482915,0.3338020247469067
26143,26143,4287.0,5166.0,MICHIGAN,MI,ROSCOMMON,26143,xs,23472.0,0.03744887525562372,0.14114623755414576,0.20503848845346395
26145,26145,44396.0,51088.0,MICHIGAN,MI,SAGINAW,26145,s,189882.0,0.035242940352429405,0.05379041582354918,0.1507343003874222
26151,26151,4873.0,5966.0,MICHIGAN,MI,SANILAC,26151,xs,40499.0,0.026988320699276525,-0.2730955144142492,0.2242971475477118
26165,26165,4436.0,5838.0,MICHIGAN,MI,WEXFORD,26165,xs,33693.0,0.04161101712521889,0.30596856420182367,0.3160504959422903
27015,27015,3763.0,4753.0,MINNESOTA,MN,BROWN,27015,xs,25914.0,0.038203287798101414,0.17102124768095278,0.26308796173266
27039,27039,3102.0,4079.0,MINNESOTA,MN,DODGE,27039,xs,20889.0,0.046771027813681844,0.5103068577646216,0.31495809155383614
27045,27045,3872.0,4551.0,MINNESOTA,MN,FILLMORE,27045,xs,21243.0,0.0319634703196347,-0.0760777861532216,0.17536157024793386
27053,27053,429288.0,532623.0,MINNESOTA,MN,HENNEPIN,27053,xl,1281649.0,0.08062659901423869,1.8509997486113845,0.2407125286520937
27057,27057,3423.0,4462.0,MINNESOTA,MN,HUBBARD,27057,xs,21397.0,0.04855820909473291,0.5810798842767296,0.3035349108968741
27079,27079,4623.0,5672.0,MINNESOTA,MN,LE SUEUR,27079,xs,28637.0,0.03663093201103468,0.10875538859636387,0.2269089335929051
27083,27083,3825.0,4634.0,MINNESOTA,MN,LYON,27083,xs,25423.0,0.031821578885261374,-0.0816967383844349,0.2115032679738562
27095,27095,3710.0,4404.0,MINNESOTA,MN,MILLE LACS,27095,xs,26468.0,0.026220341544506573,-0.30350776730518975,0.1870619946091645
27097,27097,3637.0,4367.0,MINNESOTA,MN,MORRISON,27097,xs,34014.0,0.021461751043687895,-0.49194967593834277,0.200714874896893
27109,27109,36268.0,49491.0,MINNESOTA,MN,OLMSTED,27109,s,163037.0,0.08110428921042463,1.8699164535241393,0.36459137531708397
27115,27115,4580.0,5419.0,MINNESOTA,MN,PINE,27115,xs,28899.0,0.029032146441053324,-0.19215927423394177,0.18318777292576427
27119,27119,4712.0,5439.0,MINNESOTA,MN,POLK,27119,xs,31076.0,0.023394259235422835,-0.41542165108789947,0.15428692699490654
27139,27139,28502.0,40040.0,MINNESOTA,MN,SCOTT,27139,s,151347.0,0.07623540605363832,1.677106915737945,0.4048136972844012
27157,27157,3866.0,4696.0,MINNESOTA,MN,WABASHA,27157,xs,21407.0,0.03877236417994114,0.193556878669473,0.21469218830832903
28045,28045,3344.0,4504.0,MISSISSIPPI,MS,HANCOCK,28045,xs,46123.0,0.02515014201157774,-0.3458880567141487,0.34688995215311014
28085,28085,4458.0,5040.0,MISSISSIPPI,MS,LINCOLN,28085,xs,34828.0,0.016710692546227174,-0.6800933145084676,0.13055181695827733
28109,28109,3604.0,4148.0,MISSISSIPPI,MS,PEARL RIVER,28109,xs,56211.0,0.009677821067050934,-0.958597574221429,0.15094339622641506
28127,28127,3874.0,4037.0,MISSISSIPPI,MS,SIMPSON,28127,xs,25901.0,0.006293193312999498,-1.0926300600754788,0.04207537429013941
28137,28137,3926.0,4183.0,MISSISSIPPI,MS,TATE,28137,xs,28121.0,0.009139077557697094,-0.9799320124650424,0.06546102903718798
28159,28159,3850.0,4040.0,MISSISSIPPI,MS,WINSTON,28159,xs,17690.0,0.010740531373657434,-0.9165138608893826,0.049350649350649256
29019,29019,41125.0,50064.0,MISSOURI,MO,BOONE,29019,s,184047.0,0.04856911549767179,0.5815117817862488,0.21736170212765948
29027,29027,4989.0,5870.0,MISSOURI,MO,CALLAWAY,29027,xs,44340.0,0.01986919260261615,-0.5550155674441927,0.17658849468831428
29029,29029,4768.0,5652.0,MISSOURI,MO,CAMDEN,29029,xs,42806.0,0.020651310563939634,-0.5240434126889744,0.1854026845637584
29047,29047,45304.0,59400.0,MISSOURI,MO,CLAY,29047,s,254137.0,0.05546614621247595,0.8546366979931748,0.311142503973159
29077,29077,42728.0,55068.0,MISSOURI,MO,GREENE,29077,s,299328.0,0.04122567885396622,0.29070902899034445,0.28880359483242835
29145,29145,4990.0,5818.0,MISSOURI,MO,NEWTON,29145,xs,58692.0,0.014107544469433653,-0.7831789218876483,0.16593186372745494
29161,29161,4766.0,5637.0,MISSOURI,MO,PHELPS,29161,xs,44559.0,0.019547117305145988,-0.56776986596356,0.18275283256399488
29205,29205,606.0,592.0,MISSOURI,MO,SHELBY,29205,xs,6087.0,-0.0022999835715459176,-1.4329229793900193,-0.02310231023102305
29211,29211,526.0,478.0,MISSOURI,MO,SULLIVAN,29211,xs,5985.0,-0.008020050125313283,-1.6594396882169586,-0.09125475285171103
29213,29213,4373.0,5339.0,MISSOURI,MO,TANEY,29213,xs,56062.0,0.017230922906781777,-0.6594920036675879,0.22090098330665442
29219,29219,3915.0,4769.0,MISSOURI,MO,WARREN,29219,xs,35732.0,0.023900145527818203,-0.39538837054528253,0.2181353767560663
30033,30033,34.0,41.0,MONTANA,MT,GARFIELD,30033,xs,1172.0,0.005972696245733789,-1.1053218601067039,0.2058823529411764
30063,30063,31543.0,43357.0,MONTANA,MT,MISSOULA,30063,s,118347.0,0.09982509062333646,2.6112669750250763,0.3745363472085723
30065,30065,332.0,413.0,MONTANA,MT,MUSSELSHELL,30065,xs,4750.0,0.017052631578947368,-0.6665524048733809,0.24397590361445776
30067,30067,3595.0,5280.0,MONTANA,MT,PARK,30067,xs,17223.0,0.09783429135458399,2.53243060239653,0.46870653685674557
30071,30071,318.0,416.0,MONTANA,MT,PHILLIPS,30071,xs,4213.0,0.023261333966294803,-0.420685539925519,0.30817610062893075
30091,30091,477.0,574.0,MONTANA,MT,SHERIDAN,30091,xs,3540.0,0.027401129943502824,-0.2567481187158738,0.20335429769392044
30097,30097,402.0,549.0,MONTANA,MT,SWEET GRASS,30097,xs,3670.0,0.04005449591280654,0.2443297600129551,0.36567164179104483
31001,31001,3302.0,4213.0,NEBRASKA,NE,ADAMS,31001,xs,31178.0,0.029219321316312784,-0.1847470813301824,0.27589339794064194
31003,31003,383.0,452.0,NEBRASKA,NE,ANTELOPE,31003,xs,6279.0,0.01098901098901099,-0.906673978057355,0.18015665796344638
31007,31007,19.0,43.0,NEBRASKA,NE,BANNER,31007,xs,679.0,0.035346097201767304,0.05787546444760538,1.263157894736842
31025,31025,3484.0,4737.0,NEBRASKA,NE,CASS,31025,xs,26611.0,0.047085791589944005,0.5227716173940151,0.3596440872560276
31053,31053,4544.0,5544.0,NEBRASKA,NE,DODGE,31053,xs,37116.0,0.02694255846535187,-0.27490771546466425,0.22007042253521125
31091,31091,40.0,59.0,NEBRASKA,NE,HOOKER,31091,xs,705.0,0.02695035460992908,-0.2745989853136129,0.4750000000000001
31129,31129,353.0,409.0,NEBRASKA,NE,NUCKOLLS,31129,xs,4093.0,0.013681895919863182,-0.8000347587313928,0.1586402266288951
31139,31139,382.0,480.0,NEBRASKA,NE,PIERCE,31139,xs,7345.0,0.013342409802586793,-0.8134785320258199,0.25654450261780104
31143,31143,413.0,530.0,NEBRASKA,NE,POLK,31143,xs,5218.0,0.02242238405519356,-0.45390826049126914,0.2832929782082325
31153,31153,28033.0,41206.0,NEBRASKA,NE,SARPY,31153,s,191167.0,0.06890833668990987,1.3869523131616257,0.46991046266899716
31157,31157,3207.0,4196.0,NEBRASKA,NE,SCOTTS BLUFF,31157,xs,36051.0,0.02743335829796677,-0.25547186419759843,0.3083879014655442
31167,31167,417.0,532.0,NEBRASKA,NE,STANTON,31167,xs,5829.0,0.019728941499399553,-0.5605695619670442,0.275779376498801
31171,31171,30.0,45.0,NEBRASKA,NE,THOMAS,31171,xs,671.0,0.022354694485842028,-0.45658879197237995,0.5
31175,31175,339.0,412.0,NEBRASKA,NE,VALLEY,31175,xs,4057.0,0.017993591323638158,-0.629290057922957,0.21533923303834812
31183,31183,62.0,59.0,NEBRASKA,NE,WHEELER,31183,xs,775.0,-0.003870967741935484,-1.4951345219570353,-0.048387096774193505
32003,32003,402227.0,521777.0,NEVADA,NV,CLARK,32003,xl,2274887.0,0.052552060827636714,0.7392378605129152,0.297220226389576
32007,32007,3401.0,4555.0,NEVADA,NV,ELKO,32007,xs,53664.0,0.02150417412045319,-0.4902697067217507,0.3393119670685092
32027,32027,430.0,547.0,NEVADA,NV,PERSHING,32027,xs,6617.0,0.01768172888015717,-0.6416399237225978,0.27209302325581386
33017,33017,34894.0,41721.0,NEW HAMPSHIRE,NH,STRAFFORD,33017,s,131068.0,0.052087466048158206,0.7208397388483453,0.19564968189373522
35003,35003,427.0,595.0,NEW MEXICO,NM,CATRON,35003,xs,3606.0,0.04658901830282862,0.5030992151635894,0.39344262295081966
35006,35006,3741.0,4745.0,NEW MEXICO,NM,CIBOLA,35006,xs,27101.0,0.037046603446367295,0.12521612809998042,0.268377439187383
35009,35009,3121.0,4307.0,NEW MEXICO,NM,CURRY,35009,xs,48370.0,0.024519330163324374,-0.3708684345493123,0.3800064082024992
35013,35013,37947.0,47957.0,NEW MEXICO,NM,DONA ANA,35013,s,220060.0,0.04548759429246569,0.4594824251306029,0.26378896882493996
35025,35025,3930.0,4061.0,NEW MEXICO,NM,LEA,35025,xs,74642.0,0.001755044077061172,-1.2723424147181353,0.03333333333333344
35043,35043,27707.0,40588.0,NEW MEXICO,NM,SANDOVAL,35043,s,149290.0,0.08628173353875009,2.0749451255444966,0.4649005666438084
36007,36007,39212.0,47010.0,NEW YORK,NY,BROOME,36007,s,198156.0,0.03935283312137912,0.21654365914743587,0.198867693563195
36063,36063,35559.0,46029.0,NEW YORK,NY,NIAGARA,36063,s,212126.0,0.04935745736024815,0.612730405286999,0.2944402261030963
36065,36065,33743.0,41567.0,NEW YORK,NY,ONEIDA,36065,s,231082.0,0.03385811097359379,-0.0010493295241857186,0.23187031384287105
36073,36073,4470.0,5587.0,NEW YORK,NY,ORLEANS,36073,xs,40135.0,0.027831070138283294,-0.23972233116626163,0.2498881431767337
36083,36083,32717.0,40969.0,NEW YORK,NY,RENSSELAER,36083,s,160871.0,0.051295758713503364,0.6894878414334369,0.25222361463459353
36093,36093,33747.0,42465.0,NEW YORK,NY,SCHENECTADY,36093,s,159289.0,0.054730709590743866,0.8255131412059141,0.2583340741399236
36095,36095,4240.0,5345.0,NEW YORK,NY,SCHOHARIE,36095,xs,29753.0,0.03713911202231708,0.12887950123828967,0.2606132075471699
36111,36111,42101.0,57970.0,NEW YORK,NY,ULSTER,36111,s,181271.0,0.08754296053974436,2.1248901719287443,0.3769269138500273
36121,36121,3904.0,5073.0,NEW YORK,NY,WYOMING,36121,xs,40259.0,0.02903698551876599,-0.19196764500254604,0.299436475409836
36123,36123,3659.0,4219.0,NEW YORK,NY,YATES,36123,xs,24722.0,0.022651889005743872,-0.444819781263015,0.15304728067778073
37003,37003,3767.0,4145.0,NORTH CAROLINA,NC,ALEXANDER,37003,xs,36489.0,0.01035928636027296,-0.9316113016056373,0.1003451022033448
37009,37009,3500.0,4164.0,NORTH CAROLINA,NC,ASHE,37009,xs,26584.0,0.02497743003310262,-0.35272751366302046,0.18971428571428572
37025,37025,35521.0,52162.0,NORTH CAROLINA,NC,CABARRUS,37025,s,227219.0,0.07323771339544669,1.5583971999286026,0.46848343233580136
37053,37053,2913.0,4195.0,NORTH CAROLINA,NC,CURRITUCK,37053,xs,28405.0,0.0451328991374758,0.4454363684300467,0.4400961208376244
37071,37071,31177.0,40959.0,NORTH CAROLINA,NC,GASTON,37071,s,228532.0,0.042803633626800626,0.3531966099407439,0.3137569362029702
37101,37101,28362.0,41257.0,NORTH CAROLINA,NC,JOHNSTON,37101,s,217808.0,0.05920351869536473,1.0026380029651873,0.454657640504901
37111,37111,4667.0,5832.0,NORTH CAROLINA,NC,MCDOWELL,37111,xs,44547.0,0.026152153904864524,-0.3062080225503357,0.24962502678380116
37115,37115,3926.0,4901.0,NORTH CAROLINA,NC,MADISON,37115,xs,21287.0,0.04580260252736412,0.4719568654105994,0.2483443708609272
37149,37149,3735.0,4518.0,NORTH CAROLINA,NC,POLK,37149,xs,19390.0,0.04038164002062919,0.25728478525952414,0.2096385542168675
37169,37169,4665.0,5286.0,NORTH CAROLINA,NC,STOKES,37169,xs,44572.0,0.013932513685721978,-0.7901102043643626,0.13311897106109316
37179,37179,34337.0,48725.0,NORTH CAROLINA,NC,UNION,37179,s,239470.0,0.06008268259072118,1.0374532118834217,0.41902321111337626
38017,38017,31361.0,40311.0,NORTH DAKOTA,ND,CASS,38017,s,184876.0,0.04841082671628551,0.5752434886699331,0.28538630783457153
38049,38049,490.0,564.0,NORTH DAKOTA,ND,MCHENRY,38049,xs,5332.0,0.01387846961740435,-0.7922503690585766,0.15102040816326534
39011,39011,3980.0,4651.0,OHIO,OH,AUGLAIZE,39011,xs,46472.0,0.014438801859184025,-0.7700610091858393,0.16859296482412067
39021,39021,4594.0,5062.0,OHIO,OH,CHAMPAIGN,39021,xs,38743.0,0.012079601476395736,-0.8634861994610279,0.10187200696560739
39035,39035,398271.0,416176.0,OHIO,OH,CUYAHOGA,39035,l,1262573.0,0.014181358226415423,-0.7802558703566044,0.044956825879865825
39041,39041,40872.0,57735.0,OHIO,OH,DELAWARE,39041,s,215166.0,0.07837204762834277,1.7617186965442535,0.4125807398708161
39049,39049,351198.0,409144.0,OHIO,OH,FRANKLIN,39049,l,1324441.0,0.0437512882793571,0.39072407766928796,0.16499524484763572
39069,39069,3756.0,4062.0,OHIO,OH,HENRY,39069,xs,27668.0,0.011059707965881162,-0.9038743521484399,0.08146964856230032
39085,39085,46397.0,55514.0,OHIO,OH,LAKE,39085,s,232516.0,0.03921020488912591,0.21089552945311918,0.19649977369226468
39091,39091,4647.0,5055.0,OHIO,OH,LOGAN,39091,xs,46116.0,0.008847254748894093,-0.9914883014678604,0.0877985797288574
39097,39097,4779.0,5698.0,OHIO,OH,MADISON,39097,xs,43849.0,0.02095828867248968,-0.5118869683229769,0.1922996442770455
39107,39107,3384.0,4030.0,OHIO,OH,MERCER,39107,xs,42542.0,0.015184993653330826,-0.7405115436726314,0.19089834515366433
39117,39117,3761.0,4048.0,OHIO,OH,MORROW,39117,xs,34980.0,0.008204688393367639,-1.016934162051582,0.07630949215634142
39165,39165,33730.0,46069.0,OHIO,OH,WARREN,39165,s,243228.0,0.05073017909122305,0.6670906833909064,0.36581678031426024
40027,40027,38829.0,49827.0,OKLAHOMA,OK,CLEVELAND,40027,s,296236.0,0.03712580510133812,0.12835254234429072,0.2832419068222205
04005,4005,32404.0,44698.0,ARIZONA,AZ,COCONINO,04005,s,145192.0,0.0846740867265414,2.011281729072687,0.37939760523392163
40051,40051,3882.0,4144.0,OKLAHOMA,OK,GRADY,40051,xs,54881.0,0.004773965488967038,-1.1527920325671261,0.06749098402885112
40071,40071,3738.0,4040.0,OKLAHOMA,OK,KAY,40071,xs,43599.0,0.006926764375329709,-1.067540416362766,0.08079186730872134
40083,40083,4248.0,5455.0,OKLAHOMA,OK,LOGAN,40083,xs,49736.0,0.024268135756795883,-0.3808158240958718,0.2841337099811676
04009,4009,3301.0,4034.0,ARIZONA,AZ,GRAHAM,04009,xs,38646.0,0.018967034104435128,-0.5907413709689133,0.22205392305362004
40123,40123,3637.0,4117.0,OKLAHOMA,OK,PONTOTOC,40123,xs,38095.0,0.01260007875049219,-0.8428751107543946,0.13197690404179263
40141,40141,657.0,597.0,OKLAHOMA,OK,TILLMAN,40141,xs,6947.0,-0.008636821649632935,-1.6838640641352853,-0.091324200913242
04025,4025,35590.0,49602.0,ARIZONA,AZ,YAVAPAI,04025,s,237217.0,0.059068279254859475,0.9972824721022344,0.39370609721831973
41029,41029,44447.0,59478.0,OREGON,OR,JACKSON,41029,s,223620.0,0.067216706913514,1.3199631608675024,0.33817805476185114
41031,41031,2980.0,4393.0,OREGON,OR,JEFFERSON,41031,xs,24581.0,0.05748342215532322,0.9345215565126215,0.4741610738255033
41061,41061,3249.0,4254.0,OREGON,OR,UNION,41061,xs,26173.0,0.038398349444083595,0.17874575956397418,0.30932594644505995
42003,42003,367617.0,429065.0,PENNSYLVANIA,PA,ALLEGHENY,42003,l,1249565.0,0.049175513078551336,0.6055253457842035,0.16715222636602767
42009,42009,3645.0,4367.0,PENNSYLVANIA,PA,BEDFORD,42009,xs,47568.0,0.015178271106626303,-0.7407777589587876,0.1980795610425241
42027,42027,37088.0,40055.0,PENNSYLVANIA,PA,CENTRE,42027,s,157979.0,0.018780977218491066,-0.5981092910905561,0.07999892148403798
42035,42035,4744.0,5502.0,PENNSYLVANIA,PA,CLINTON,42035,xs,37370.0,0.020283649986620283,-0.5386029048132296,0.1597807757166947
42047,42047,3853.0,4522.0,PENNSYLVANIA,PA,ELK,42047,xs,30946.0,0.021618302850126028,-0.4857501676595585,0.17363093693226062
42061,42061,4539.0,5445.0,PENNSYLVANIA,PA,HUNTINGDON,42061,xs,44049.0,0.020568003813934484,-0.5273423901845782,0.19960343688037008
42065,42065,3650.0,4527.0,PENNSYLVANIA,PA,JEFFERSON,42065,xs,44487.0,0.019713624204823883,-0.5611761323841539,0.24027397260273964
42083,42083,4025.0,5098.0,PENNSYLVANIA,PA,MCKEAN,42083,xs,40399.0,0.026560063367905146,-0.2900546599628899,0.2665838509316769
42087,42087,3877.0,4603.0,PENNSYLVANIA,PA,MIFFLIN,42087,xs,46137.0,0.015735743546394433,-0.7187016482822725,0.1872581893216405
42089,42089,33918.0,44060.0,PENNSYLVANIA,PA,MONROE,42089,s,168314.0,0.06025642549045237,1.044333493687702,0.2990152721268944
42099,42099,4632.0,5950.0,PENNSYLVANIA,PA,PERRY,42099,xs,45825.0,0.028761593016912165,-0.2028732878948407,0.2845423143350605
42117,42117,3901.0,4955.0,PENNSYLVANIA,PA,TIOGA,42117,xs,41025.0,0.025691651432053625,-0.32444408738756914,0.2701871315047424
42125,42125,36322.0,45088.0,PENNSYLVANIA,PA,WASHINGTON,42125,s,209434.0,0.04185566813411385,0.3156568328303726,0.24134133582952488
42131,42131,3811.0,4704.0,PENNSYLVANIA,PA,WYOMING,42131,xs,26032.0,0.0343039336201598,0.016605408872893943,0.23432170034111777
44003,44003,37788.0,49113.0,RHODE ISLAND,RI,KENT,44003,s,170406.0,0.06645892750255272,1.289954821528389,0.29969831692600835
44009,44009,33741.0,44549.0,RHODE ISLAND,RI,WASHINGTON,44009,s,129776.0,0.08328196276661325,1.95615311566969,0.3203224563587328
45001,45001,3741.0,4101.0,SOUTH CAROLINA,SC,ABBEVILLE,45001,xs,24266.0,0.014835572405835325,-0.754348751724827,0.09623095429029682
45009,45009,3898.0,4010.0,SOUTH CAROLINA,SC,BAMBERG,45009,xs,13260.0,0.008446455505279034,-1.0073600967888807,0.028732683427398653
45013,45013,32138.0,43419.0,SOUTH CAROLINA,SC,BEAUFORT,45013,s,187815.0,0.060064425099166735,1.0367302086002477,0.3510174870869376
45015,45015,30705.0,45223.0,SOUTH CAROLINA,SC,BERKELEY,45015,s,231533.0,0.06270380464123905,1.1412505951369407,0.47282201595831297
45051,45051,39410.0,59180.0,SOUTH CAROLINA,SC,HORRY,45051,m,353765.0,0.05588455613189547,0.8712058824592248,0.5016493275818321
45063,45063,35230.0,49301.0,SOUTH CAROLINA,SC,LEXINGTON,45063,s,295047.0,0.04769070690432372,0.5467264831013136,0.39940391711609413
45083,45083,39997.0,52926.0,SOUTH CAROLINA,SC,SPARTANBURG,45083,s,329379.0,0.03925265423721609,0.2125765390236991,0.323249243693277
45091,45091,41593.0,59008.0,SOUTH CAROLINA,SC,YORK,45091,s,284028.0,0.0613143774557438,1.0862287749789612,0.418700262063328
46025,46025,398.0,437.0,SOUTH DAKOTA,SD,CLARK,46025,xs,3853.0,0.010121982870490527,-0.9410086058141452,0.09798994974874375
46045,46045,380.0,417.0,SOUTH DAKOTA,SD,EDMUNDS,46045,xs,3988.0,0.009277833500501504,-0.9744372268364496,0.09736842105263155
46053,46053,391.0,455.0,SOUTH DAKOTA,SD,GREGORY,46053,xs,4003.0,0.01598800899325506,-0.7087118451503507,0.1636828644501278
46061,46061,424.0,557.0,SOUTH DAKOTA,SD,HANSON,46061,xs,3463.0,0.03840600635287323,0.17904897592737015,0.3136792452830188
46063,46063,38.0,49.0,SOUTH DAKOTA,SD,HARDING,46063,xs,1308.0,0.008409785932721712,-1.0088122251534195,0.2894736842105263
46081,46081,3356.0,4537.0,SOUTH DAKOTA,SD,LAWRENCE,46081,xs,25844.0,0.04569726048599288,0.4677852823899772,0.35190703218116814
46085,46085,369.0,525.0,SOUTH DAKOTA,SD,LYMAN,46085,xs,3704.0,0.042116630669546434,0.3259910438220943,0.4227642276422765
46099,46099,30610.0,40482.0,SOUTH DAKOTA,SD,MINNEHAHA,46099,s,197695.0,0.0499355067148891,0.6356213692507949,0.3225089839921593
46117,46117,329.0,421.0,SOUTH DAKOTA,SD,STANLEY,46117,xs,2971.0,0.03096600471221811,-0.11557778574872622,0.27963525835866254
46129,46129,457.0,565.0,SOUTH DAKOTA,SD,WALWORTH,46129,xs,5294.0,0.02040045334340763,-0.5339774495478563,0.23632385120350108
46135,46135,3301.0,4016.0,SOUTH DAKOTA,SD,YANKTON,46135,xs,23286.0,0.03070514472215065,-0.12590793590682042,0.2166010299909118
46137,46137,353.0,481.0,SOUTH DAKOTA,SD,ZIEBACH,46137,xs,2395.0,0.05344467640918581,0.774585761080082,0.3626062322946175
47003,47003,3395.0,4453.0,TENNESSEE,TN,BEDFORD,47003,xs,50385.0,0.020998312989977175,-0.510301990843241,0.31163475699558174
47019,47019,3453.0,4529.0,TENNESSEE,TN,CARTER,47019,xs,56371.0,0.01908782884816661,-0.5859578553338325,0.31161309006660876
47021,47021,3878.0,5514.0,TENNESSEE,TN,CHEATHAM,47021,xs,41131.0,0.03977535192433931,0.23327555689100402,0.42186694172253736
47031,47031,4743.0,5705.0,TENNESSEE,TN,COFFEE,47031,xs,58139.0,0.0165465522282805,-0.6865933305935251,0.20282521610794846
47059,47059,4216.0,5199.0,TENNESSEE,TN,GREENE,47059,xs,70344.0,0.01397418401000796,-0.7884600444187944,0.2331593927893738
47063,47063,4075.0,5500.0,TENNESSEE,TN,HAMBLEN,47063,xs,64542.0,0.022078646462768428,-0.46752039374257814,0.3496932515337423
47073,47073,3507.0,4083.0,TENNESSEE,TN,HAWKINS,47073,xs,56721.0,0.010154969059078648,-0.9397023407898678,0.16424294268605655
47075,47075,3711.0,4012.0,TENNESSEE,TN,HAYWOOD,47075,xs,17826.0,0.016885448221698643,-0.673172926417781,0.08111021288062514
47089,47089,3494.0,4654.0,TENNESSEE,TN,JEFFERSON,47089,xs,54916.0,0.02112316993226018,-0.5053576106731337,0.3319977103606182
47107,47107,3510.0,4361.0,TENNESSEE,TN,MCMINN,47107,xs,53343.0,0.015953358453780254,-0.7100840190730023,0.2424501424501424
47127,47127,496.0,573.0,TENNESSEE,TN,MOORE,47127,xs,6470.0,0.011901081916537867,-0.870555638737675,0.155241935483871
47149,47149,36706.0,59341.0,TENNESSEE,TN,RUTHERFORD,47149,s,343298.0,0.06593396990369883,1.2691663103374207,0.6166566773824442
47187,47187,31013.0,50161.0,TENNESSEE,TN,WILLIAMSON,47187,s,249552.0,0.07672949926267872,1.6966731859051791,0.6174185019185503
48009,48009,394.0,446.0,TEXAS,TX,ARCHER,48009,xs,8556.0,0.006077606358111267,-1.1011673816307919,0.13197969543147203
48013,48013,4651.0,5876.0,TEXAS,TX,ATASCOSA,48013,xs,49128.0,0.02493486402865983,-0.354413142867447,0.2633842184476456
48017,48017,397.0,409.0,TEXAS,TX,BAILEY,48017,xs,6866.0,0.001747742499271774,-1.2726315598451285,0.030226700251889227
48027,48027,37801.0,57014.0,TEXAS,TX,BELL,48027,s,372258.0,0.05161205400555529,0.702013249643219,0.5082669770640988
48029,48029,319550.0,448452.0,TEXAS,TX,BEXAR,48029,xl,2015501.0,0.063955314336237,1.1908108326815947,0.4033860115787826
48053,48053,3797.0,5639.0,TEXAS,TX,BURNET,48053,xs,49483.0,0.03722490552310895,0.13227695496639633,0.4851198314458782
48069,48069,526.0,466.0,TEXAS,TX,CASTRO,48069,xs,7334.0,-0.008181074447777475,-1.6658163097514849,-0.11406844106463876
48073,48073,3469.0,4210.0,TEXAS,TX,CHEROKEE,48073,xs,50493.0,0.014675301526944328,-0.7606955366207612,0.21360622657826456
48083,48083,388.0,451.0,TEXAS,TX,COLEMAN,48083,xs,7688.0,0.008194588969823101,-1.017334102884587,0.16237113402061865
48107,48107,468.0,527.0,TEXAS,TX,CROSBY,48107,xs,5098.0,0.011573165947430365,-0.8835412299708935,0.12606837606837606
48113,48113,461080.0,598576.0,TEXAS,TX,DALLAS,48113,xl,2610112.0,0.05267819924968737,0.7442329877463072,0.29820421618808024
48167,48167,43658.0,58842.0,TEXAS,TX,GALVESTON,48167,m,351590.0,0.04318666628743707,0.36836484213612797,0.3477942186998946
48209,48209,33224.0,59524.0,TEXAS,TX,HAYS,48209,s,243968.0,0.10780102308499476,2.927116791466611,0.7915964363111003
48221,48221,4008.0,5648.0,TEXAS,TX,HOOD,48221,xs,62057.0,0.026427316821631727,-0.29531147131068686,0.40918163672654684
48243,48243,422.0,501.0,TEXAS,TX,JEFF DAVIS,48243,xs,1984.0,0.039818548387096774,0.23498615247320792,0.1872037914691944
48263,48263,59.0,47.0,TEXAS,TX,KENT,48263,xs,763.0,-0.015727391874180863,-1.9646532150784777,-0.2033898305084746
48273,48273,4716.0,5314.0,TEXAS,TX,KLEBERG,48273,xs,30986.0,0.019299038275350157,-0.5775938854623055,0.12680237489397794
48277,48277,3583.0,4458.0,TEXAS,TX,LAMAR,48277,xs,50131.0,0.017454269813089705,-0.6506473852233795,0.24420876360591692
48291,48291,4862.0,5785.0,TEXAS,TX,LIBERTY,48291,xs,92479.0,0.009980644254371262,-0.946605666242123,0.18983957219251346
48303,48303,28023.0,40017.0,TEXAS,TX,LUBBOCK,48303,s,311578.0,0.03849437380046088,0.18254835888154353,0.42800556685579694
48311,48311,40.0,53.0,TEXAS,TX,MCMULLEN,48311,xs,597.0,0.021775544388609715,-0.4795233457417697,0.32499999999999996
48319,48319,354.0,457.0,TEXAS,TX,MASON,48319,xs,3968.0,0.025957661290322582,-0.3139100005820723,0.29096045197740117
48349,48349,4002.0,5101.0,TEXAS,TX,NAVARRO,48349,xs,52838.0,0.020799424656497218,-0.5181780409381971,0.2746126936531734
48373,48373,4187.0,5387.0,TEXAS,TX,POLK,48373,xs,50503.0,0.023760964695166625,-0.40089998196582877,0.28660138524002865
48399,48399,453.0,552.0,TEXAS,TX,RUNNELS,48399,xs,9919.0,0.009980844843230164,-0.9465977228506051,0.2185430463576159
48401,48401,3935.0,4629.0,TEXAS,TX,RUSK,48401,xs,52252.0,0.013281788256908827,-0.8158791672075787,0.1763659466327827
48431,48431,70.0,51.0,TEXAS,TX,STERLING,48431,xs,1382.0,-0.013748191027496382,-1.8862761441677929,-0.27142857142857146
48439,48439,288392.0,411567.0,TEXAS,TX,TARRANT,48439,xl,2115840.0,0.05821564957652753,0.9635180277957741,0.4271096285611251
48453,48453,308260.0,435860.0,TEXAS,TX,TRAVIS,48453,l,1296613.0,0.09841024268613688,2.5552384838855886,0.4139362875494712
48463,48463,3867.0,4073.0,TEXAS,TX,UVALDE,48463,xs,24571.0,0.00838386716047373,-1.0098386179289687,0.05327126971812768
48477,48477,3382.0,4261.0,TEXAS,TX,WASHINGTON,48477,xs,35804.0,0.024550329572114848,-0.3696408467251507,0.25990538143110586
48497,48497,3412.0,4973.0,TEXAS,TX,WISE,48497,xs,68947.0,0.02264057899546028,-0.44526766176967636,0.4575029308323564
49003,49003,2282.0,4473.0,UTAH,UT,BOX ELDER,49003,xs,57946.0,0.03781106547475235,0.15548910151126014,0.9601226993865031
49011,49011,28776.0,57411.0,UTAH,UT,DAVIS,49011,m,363771.0,0.07871710499187676,1.775383093209838,0.9951000834028356
49015,49015,380.0,572.0,UTAH,UT,EMERY,49015,xs,9847.0,0.019498324362750077,-0.5697020841679488,0.5052631578947369
49017,49017,358.0,514.0,UTAH,UT,GARFIELD,49017,xs,5103.0,0.030570252792475015,-0.1312497052149616,0.4357541899441342
49021,49021,2450.0,4892.0,UTAH,UT,IRON,49021,xs,57713.0,0.04231282380053021,0.33376036292129746,0.996734693877551
49057,49057,23131.0,40695.0,UTAH,UT,WEBER,49057,s,262988.0,0.06678631724641429,1.3029195740511323,0.7593273096710043
05007,5007,28005.0,42249.0,ARKANSAS,AR,BENTON,05007,s,286618.0,0.04969680899315465,0.6261688529516333,0.5086234600964115
05013,5013,639.0,479.0,ARKANSAS,AR,CALHOUN,05013,xs,4736.0,-0.033783783783783786,-2.679692879426231,-0.2503912363067292
05015,5015,3342.0,4023.0,ARKANSAS,AR,CARROLL,05015,xs,28240.0,0.02411473087818697,-0.38689071289198224,0.2037701974865349
05093,5093,5670.0,4558.0,ARKANSAS,AR,MISSISSIPPI,05093,xs,40538.0,-0.02743105234594701,-2.4281224118741607,-0.19611992945326273
51003,51003,33345.0,42466.0,VIRGINIA,VA,ALBEMARLE,51003,s,112510.0,0.08106834948004622,1.8684932271744243,0.27353426300794714
51021,51021,453.0,532.0,VIRGINIA,VA,BLAND,51021,xs,6256.0,0.012627877237851663,-0.8417742805791079,0.17439293598233996
51023,51023,4494.0,5700.0,VIRGINIA,VA,BOTETOURT,51023,xs,33643.0,0.03584698154147965,0.07771066585096482,0.2683578104138853
51059,51059,355133.0,419943.0,VIRGINIA,VA,FAIRFAX,51059,l,1148627.0,0.056423886953728235,0.892563578489881,0.18249500891215398
51079,51079,2924.0,4163.0,VIRGINIA,VA,GREENE,51079,xs,20607.0,0.06012520017469792,1.0391369236198422,0.42373461012311897
51091,51091,371.0,417.0,VIRGINIA,VA,HIGHLAND,51091,xs,2240.0,0.020535714285714286,-0.5286210672057742,0.12398921832884091
51099,51099,4007.0,5404.0,VIRGINIA,VA,KING GEORGE,51099,xs,26826.0,0.052076343845523,0.7203992955926329,0.3486398802096331
51125,51125,3689.0,4327.0,VIRGINIA,VA,NELSON,51125,xs,14740.0,0.04328358208955224,0.37220274302803147,0.17294659799403633
51127,51127,3546.0,4621.0,VIRGINIA,VA,NEW KENT,51127,xs,23123.0,0.04649050728711673,0.4991981432350538,0.30315848843767634
51145,51145,4060.0,5320.0,VIRGINIA,VA,POWHATAN,51145,xs,30450.0,0.041379310344827586,0.29679289171379,0.31034482758620685
51163,51163,3508.0,4086.0,VIRGINIA,VA,ROCKBRIDGE,51163,xs,22650.0,0.025518763796909493,-0.3312905004042024,0.16476624857468636
51179,51179,27908.0,40245.0,VIRGINIA,VA,STAFFORD,51179,s,157765.0,0.07819858650524514,1.754849573196795,0.4420596244804358
51193,51193,3836.0,4501.0,VIRGINIA,VA,WESTMORELAND,51193,xs,18511.0,0.03592458538166496,0.0807838060506238,0.17335766423357657
05127,5127,602.0,483.0,ARKANSAS,AR,SCOTT,05127,xs,9834.0,-0.0121008745169819,-1.8210418132643775,-0.19767441860465118
05129,5129,601.0,588.0,ARKANSAS,AR,SEARCY,05129,xs,7840.0,-0.0016581632653061224,-1.4075066626284627,-0.021630615640598982
05143,5143,33366.0,43824.0,ARKANSAS,AR,WASHINGTON,05143,s,246774.0,0.042378856767730795,0.3363752923567779,0.31343283582089554
51670,51670,4724.0,5430.0,VIRGINIA,VA,HOPEWELL CITY,51670,xs,23009.0,0.030683645530009997,-0.12675931170819654,0.14944961896697717
51700,51700,45618.0,53099.0,VIRGINIA,VA,NEWPORT NEWS CITY,51700,s,186047.0,0.0402102694480427,0.2504984484700487,0.16399228374764352
51720,51720,383.0,464.0,VIRGINIA,VA,NORTON CITY,51720,xs,3681.0,0.022004889975550123,-0.47044117737023067,0.21148825065274157
51775,51775,4202.0,5148.0,VIRGINIA,VA,SALEM CITY,51775,xs,25403.0,0.03723969609888596,0.1328626671281643,0.2251308900523561
51820,51820,3764.0,4961.0,VIRGINIA,VA,WAYNESBORO CITY,51820,xs,22279.0,0.05372772566093631,0.7857946140435539,0.3180127523910734
51830,51830,5206.0,4790.0,VIRGINIA,VA,WILLIAMSBURG CITY,51830,xs,15471.0,-0.026889018163014672,-2.4066576617641,-0.07990779869381481
53003,53003,3134.0,4250.0,WASHINGTON,WA,ASOTIN,53003,xs,22324.0,0.04999104103207311,0.637820548340274,0.3560944479897894
53039,53039,4194.0,5959.0,WASHINGTON,WA,KLICKITAT,53039,xs,22814.0,0.0773647760147278,1.721830375549004,0.4208392942298522
53077,53077,31291.0,43179.0,WASHINGTON,WA,YAKIMA,53077,s,256733.0,0.046304916002228,0.4918486610839642,0.379917548176792
54013,54013,456.0,568.0,WEST VIRGINIA,WV,CALHOUN,54013,xs,6199.0,0.018067430230682368,-0.6263660104403247,0.2456140350877194
54017,54017,362.0,435.0,WEST VIRGINIA,WV,DODDRIDGE,54017,xs,7786.0,0.00937580272283586,-0.9705576101220432,0.201657458563536
54019,54019,4290.0,5063.0,WEST VIRGINIA,WV,FAYETTE,54019,xs,40428.0,0.019120411595923616,-0.5846675667126985,0.1801864801864801
54025,54025,3765.0,4655.0,WEST VIRGINIA,WV,GREENBRIER,54025,xs,32892.0,0.027058251246503708,-0.27032623939699685,0.23638778220451528
54055,54055,4704.0,5556.0,WEST VIRGINIA,WV,MERCER,54055,xs,59519.0,0.014314756632335893,-0.7749732451305109,0.18112244897959173
54085,54085,496.0,586.0,WEST VIRGINIA,WV,RITCHIE,54085,xs,8423.0,0.010685029087023627,-0.9187117715574639,0.18145161290322576
54099,54099,3357.0,4088.0,WEST VIRGINIA,WV,WAYNE,54099,xs,38873.0,0.018804825971754174,-0.5971648718171078,0.2177539469764671
54105,54105,386.0,466.0,WEST VIRGINIA,WV,WIRT,54105,xs,5188.0,0.015420200462606014,-0.7311972687721741,0.20725388601036276
55001,55001,3770.0,4329.0,WISCONSIN,WI,ADAMS,55001,xs,20677.0,0.027034869661943222,-0.2712521586204912,0.14827586206896548
55053,55053,3821.0,4256.0,WISCONSIN,WI,JACKSON,55053,xs,21096.0,0.020620022753128554,-0.5252824213376862,0.11384454331326888
55059,55059,35771.0,42193.0,WISCONSIN,WI,KENOSHA,55059,s,169195.0,0.03795620437956204,0.16123665474883286,0.1795309049229823
55087,55087,38087.0,47667.0,WISCONSIN,WI,OUTAGAMIE,55087,s,190966.0,0.0501659981357938,0.6447489130626396,0.2515293932312863
55101,55101,42512.0,50159.0,WISCONSIN,WI,RACINE,55101,s,197568.0,0.03870566083576288,0.1909154020626913,0.17987862250658648
55105,55105,39343.0,46658.0,WISCONSIN,WI,ROCK,55105,s,163758.0,0.04466957339488758,0.4270885010863078,0.18592888188496048
55113,55113,3504.0,4498.0,WISCONSIN,WI,SAWYER,55113,xs,18118.0,0.05486256761231924,0.8307347666536133,0.283675799086758
55125,55125,4770.0,5903.0,WISCONSIN,WI,VILAS,55125,xs,23097.0,0.04905398969563147,0.6007129757731597,0.23752620545073366
55137,55137,3792.0,4388.0,WISCONSIN,WI,WAUSHARA,55137,xs,24550.0,0.024276985743380854,-0.380465361419337,0.15717299578059074
55139,55139,37054.0,44060.0,WISCONSIN,WI,WINNEBAGO,55139,s,171815.0,0.040776416494485344,0.27291807671507623,0.1890754034652129
56013,56013,4200.0,5519.0,WYOMING,WY,FREMONT,56013,xs,39202.0,0.03364624253864599,-0.009439396342041642,0.31404761904761913
56033,56033,2927.0,4043.0,WYOMING,WY,SHERIDAN,56033,xs,31000.0,0.036,0.0837702522715059,0.38127775879740344
06003,6003,334.0,476.0,CALIFORNIA,CA,ALPINE,06003,xs,1205.0,0.11784232365145228,3.324755933472396,0.4251497005988023
06007,6007,41567.0,50426.0,CALIFORNIA,CA,BUTTE,06007,s,210151.0,0.04215540254388511,0.327526424099176,0.2131257969061997
06013,6013,319287.0,416386.0,CALIFORNIA,CA,CONTRA COSTA,06013,l,1166069.0,0.08327037250797337,1.9556941372265408,0.3041119744931675
06015,6015,3485.0,4677.0,CALIFORNIA,CA,DEL NORTE,06015,xs,27604.0,0.04318214751485292,0.36818589710391936,0.34203730272596844
06017,6017,36404.0,51621.0,CALIFORNIA,CA,EL DORADO,06017,s,191245.0,0.07956809328348453,1.8090825380070834,0.41800351609713227
06023,6023,33200.0,44768.0,CALIFORNIA,CA,HUMBOLDT,06023,s,136262.0,0.08489527527850758,2.020040875902644,0.34843373493975904
06027,6027,3155.0,4634.0,CALIFORNIA,CA,INYO,06027,xs,18987.0,0.07789540211723811,1.7428433615393748,0.4687797147385102
06043,6043,3122.0,4088.0,CALIFORNIA,CA,MARIPOSA,06043,xs,17119.0,0.05642852970383784,0.8927474330770346,0.3094170403587444
06047,6047,37317.0,48991.0,CALIFORNIA,CA,MERCED,06047,s,281830.0,0.04142213391051343,0.29848872043679714,0.312833293137176
06051,6051,2773.0,4013.0,CALIFORNIA,CA,MONO,06051,xs,13228.0,0.0937405503477472,2.37031697470669,0.44716913090515686
06055,6055,39199.0,49817.0,CALIFORNIA,CA,NAPA,06055,s,137459.0,0.0772448511919918,1.7170813091006563,0.27087425699635204
06063,6063,3459.0,4561.0,CALIFORNIA,CA,PLUMAS,06063,xs,19746.0,0.05580877139673858,0.8682047794780448,0.3185891876264817
06065,6065,373695.0,528340.0,CALIFORNIA,CA,RIVERSIDE,06065,xl,2422993.0,0.06382395656941642,1.185609017503508,0.4138267838745502
06067,6067,326023.0,440808.0,CALIFORNIA,CA,SACRAMENTO,06067,l,1586566.0,0.07234807754609641,1.5231672978365443,0.35207638724875245
06071,6071,340833.0,455859.0,CALIFORNIA,CA,SAN BERNARDINO,06071,xl,2183391.0,0.0526822726666914,0.7443942965361192,0.337484926635625
08025,8025,339.0,437.0,COLORADO,CO,CROWLEY,08025,xs,5688.0,0.017229254571026722,-0.6595580703681938,0.28908554572271394
08029,8029,4087.0,5887.0,COLORADO,CO,DELTA,08029,xs,31056.0,0.05795981452859351,0.9533868671675068,0.4404208465867385
08039,8039,3134.0,4490.0,COLORADO,CO,ELBERT,08039,xs,26216.0,0.05172413793103448,0.7064518137181822,0.43267389917038934
08049,8049,3358.0,4710.0,COLORADO,CO,GRAND,08049,xs,15747.0,0.08585762367435067,2.058150221191238,0.40262060750446693
08083,8083,3973.0,5836.0,COLORADO,CO,MONTEZUMA,08083,xs,25887.0,0.07196662417429597,1.5080616060514958,0.46891517744777245
08093,8093,3421.0,4903.0,COLORADO,CO,PARK,08093,xs,17418.0,0.08508439545297967,2.0275301033603177,0.4332066647179187
08101,8101,35875.0,43772.0,COLORADO,CO,PUEBLO,08101,s,168337.0,0.046911849444863575,0.5158834454016864,0.2201254355400697
08103,8103,436.0,561.0,COLORADO,CO,RIO BLANCO,08103,xs,6520.0,0.019171779141104295,-0.5826333933048414,0.286697247706422
08119,8119,3603.0,5278.0,COLORADO,CO,TELLER,08119,xs,24744.0,0.06769317814419658,1.338831594304497,0.46489036913683046
09005,9005,39775.0,50164.0,CONNECTICUT,CT,LITCHFIELD,09005,s,,,,0.2611942174732873
09007,9007,45357.0,56848.0,CONNECTICUT,CT,MIDDLESEX,09007,s,,,,0.2533456798289129
09013,9013,38506.0,44151.0,CONNECTICUT,CT,TOLLAND,09013,s,,,,0.14660052978756566
